doc_id,locutor,raw_speech,cleaned_speech,tokens,lemmas,pos_tags,entities,num_lemmas
entretien_A.txt,CHLOÉ,"Salut Marc ! Dis-moi, t'as avancé sur ton corpus pour le projet sur la presse du XIXe ? J'ai vu que t'avais réservé une session au DataLab de la BnF.","salut marc ! dis-moi, t'as avancé sur ton corpus pour le projet sur la presse du xixe ? j'ai vu que t'avais réservé une session au datalab de la bnf.","salut marc ! dis -moi , t' as avancé sur ton corpus pour le projet sur la presse du xixe ? j' ai vu que t' avais réservé une session au datalab de la bnf .",salut marc dire moi avancer corpus projet presse xix réserver session datalab bnf,VERB PROPN ADV PRON VERB NOUN NOUN NOUN ADJ VERB NOUN NOUN NOUN,marc !(PER),13
entretien_A.txt,MARC,"Ah, salut Chloé ! Oui, justement, j'en sors à l'instant, enfin... virtuellement, quoi. (rire) J'ai passé la matinée à essayer de... de dompter les outils d'OCR sur des vieux numéros du *Petit Journal*. Franchement, c'est... c'est pas toujours une mince affaire, hein.","ah, salut chloé ! oui, justement, j'en sors à l'instant, enfin virtuellement, quoi. j'ai passé la matinée à essayer de de dompter les outils d'ocr sur des vieux numéros du *petit journal*. franchement, c'est c'est pas toujours une mince affaire, hein.","ah , salut chloé ! oui , justement , j' en sors à l' instant , enfin virtuellement , quoi . j' ai passé la matinée à essayer de de dompter les outils d' ocr sur des vieux numéros du * petit journal*. franchement , c' est c' est pas toujours une mince affaire , hein .",salut chloé oui justement sortir instant virtuellement passer matinée essayer dompter outil ocr vieux numéro petit journal*. franchement mince affaire hein,NOUN PROPN ADV ADV VERB NOUN ADV VERB NOUN VERB VERB NOUN NOUN ADJ NOUN ADJ NOUN ADV ADJ NOUN NOUN,hein(PER),21
entretien_A.txt,CHLOÉ,"J'imagine ! La qualité des numérisations de Gallica est bonne, mais l'OCR sur des mises en page anciennes... (grimace) Tu utilises quoi comme outil là-bas ? Ils ont des trucs spécifiques au DataLab ?","j'imagine ! la qualité des numérisations de gallica est bonne, mais l'ocr sur des mises en page anciennes tu utilises quoi comme outil là-bas ? ils ont des trucs spécifiques au datalab ?","j' imagine ! la qualité des numérisations de gallica est bonne , mais l' ocr sur des mises en page anciennes tu utilises quoi comme outil là - bas ? ils ont des trucs spécifiques au datalab ?",imaginer qualité numérisation gallica bon ocr mise page ancien utiliser outil truc datalab,VERB NOUN NOUN ADJ ADJ NOUN NOUN NOUN ADJ VERB NOUN NOUN NOUN,,13
entretien_A.txt,MARC,"Ben, ils ont plusieurs chaînes de traitement. J'ai testé celle basée sur Tesseract, mais aussi une autre, euh... eScriptorium, je crois. C'est assez puissant, mais la prise en main... (soupir) faut s'accrocher. Surtout pour segmenter les articles correctement, tu vois, avec les colonnes, les images...","ben, ils ont plusieurs chaînes de traitement. j'ai testé celle basée sur tesseract, mais aussi une autre, euh escriptorium, je crois. c'est assez puissant, mais la prise en main faut s'accrocher. surtout pour segmenter les articles correctement, tu vois, avec les colonnes, les images","ben , ils ont plusieurs chaînes de traitement . j' ai testé celle basée sur tesseract , mais aussi une autre , euh escriptorium , je crois . c' est assez puissant , mais la prise en main faut s' accrocher . surtout pour segmenter les articles correctement , tu vois , avec les colonnes , les images",ben chaîne traitement tester baser tesseract euh escriptorium croire puissant prise main falloir accrocher segmenter article correctement voir colonne image,ADV NOUN NOUN VERB VERB VERB ADJ NOUN VERB ADJ NOUN NOUN VERB VERB VERB NOUN ADV VERB NOUN NOUN,,20
entretien_A.txt,CHLOÉ,"Ouais, la segmentation, c'est le nerf de la guerre. Et pour le stockage de tes données textuelles après, tu passes par Nakala via Huma-Num ? C'est ce qu'on nous avait recommandé pour la pérennité et le... le partage, enfin, l'exposition des métadonnées.","ouais, la segmentation, c'est le nerf de la guerre. et pour le stockage de tes données textuelles après, tu passes par nakala via huma-num ? c'est ce qu'on nous avait recommandé pour la pérennité et le le partage, enfin, l'exposition des métadonnées.","ouais , la segmentation , c' est le nerf de la guerre . et pour le stockage de tes données textuelles après , tu passes par nakala via huma - num ? c' est ce qu' on nous avait recommandé pour la pérennité et le le partage , enfin , l' exposition des métadonnées .",ouai segmentation nerf guerre stockage donnée textuel passer nakala huma num recommander pérennité partage exposition métadonnée,NOUN NOUN NOUN NOUN NOUN NOUN ADJ VERB NOUN NOUN NOUN VERB NOUN NOUN NOUN NOUN,nakala via huma-num(PER),16
entretien_A.txt,MARC,"Exactement. L'idée, c'est de déposer les textes océrisés et les métadonnées associées sur Nakala. (pause) Mais avant ça, faut que je nettoie le texte, que je l'annote un minimum en TEI... C'est un boulot de dingue. Je me demande si je vais pas devoir... p'têt' me concentrer sur une période plus courte que prévu.","exactement. l'idée, c'est de déposer les textes océrisés et les métadonnées associées sur nakala. mais avant ça, faut que je nettoie le texte, que je l'annote un minimum en tei c'est un boulot de dingue. je me demande si je vais pas devoir p'têt' me concentrer sur une période plus courte que prévu.","exactement . l' idée , c' est de déposer les textes océrisés et les métadonnées associées sur nakala . mais avant ça , faut que je nettoie le texte , que je l' annote un minimum en tei c' est un boulot de dingue . je me demande si je vais pas devoir p' têt ' me concentrer sur une période plus courte que prévu .",idée déposer texte océriser métadonnée associer nakala falloir nettoyer texte annote minimum tei boulot dingue demande devoir p' têt concentrer période court prévoir,NOUN VERB NOUN VERB NOUN ADJ NOUN VERB VERB NOUN NOUN NOUN NOUN NOUN NOUN VERB VERB ADP NUM VERB NOUN ADJ VERB,nakala(LOC),23
entretien_A.txt,CHLOÉ,"Ah, le fameux ""rétrécissement"" du corpus face à la réalité du terrain ! (rire compatissant) Je connais ça. Pour mon projet sur les correspondances, j'ai dû faire pareil. (pause) Tu as regardé si y'avait pas des... des jeux de données déjà océrisés et disponibles, même partiellement ? Des fois, sur des plateformes comme... Persée, ou même des projets hébergés par Huma-Num, on trouve des pépites.","ah, le fameux ""rétrécissement"" du corpus face à la réalité du terrain ! je connais ça. pour mon projet sur les correspondances, j'ai dû faire pareil. tu as regardé si y'avait pas des des jeux de données déjà océrisés et disponibles, même partiellement ? des fois, sur des plateformes comme persée, ou même des projets hébergés par huma-num, on trouve des pépites.","ah , le fameux "" rétrécissement "" du corpus face à la réalité du terrain ! je connais ça . pour mon projet sur les correspondances , j' ai dû faire pareil . tu as regardé si y' avait pas des des jeux de données déjà océrisés et disponibles , même partiellement ? des fois , sur des plateformes comme persée , ou même des projets hébergés par huma - num , on trouve des pépites .",fameux rétrécissement corpus face réalité terrain connaître projet correspondance devoir faire pareil regarder y' jeu donnée océriser disponible partiellement fois plateforme perser projet héberger huma num trouver pépite,ADJ NOUN NOUN NOUN NOUN NOUN VERB NOUN NOUN VERB VERB ADJ VERB PRON NOUN NOUN VERB ADJ ADV NOUN NOUN VERB NOUN VERB NOUN NOUN VERB NOUN,huma-num(ORG),28
entretien_A.txt,MARC,"J'ai cherché, oui. Y'a des choses, mais pas exactement sur les années ou les titres que je vise. C'est toujours le problème, quoi. Le sur-mesure, ça prend un temps fou. (pause courte) Et toi, le DataLab, tu l'as déjà utilisé pour tes propres recherches ?","j'ai cherché, oui. y'a des choses, mais pas exactement sur les années ou les titres que je vise. c'est toujours le problème, quoi. le sur-mesure, ça prend un temps fou. et toi, le datalab, tu l'as déjà utilisé pour tes propres recherches ?","j' ai cherché , oui . y' a des choses , mais pas exactement sur les années ou les titres que je vise . c' est toujours le problème , quoi . le sur-mesure , ça prend un temps fou . et toi , le datalab , tu l' as déjà utilisé pour tes propres recherches ?",chercher oui y' chose année titre viser problème sur-mesure prendre temps fou datalab utiliser propre recherche,VERB NOUN PRON NOUN NOUN NOUN VERB NOUN PROPN VERB NOUN ADJ NOUN VERB ADJ NOUN,,16
entretien_A.txt,CHLOÉ,"Un peu, oui. Surtout pour accéder à des corpus spécifiques qui ne sont pas... comment dire... librement accessibles en téléchargement massif depuis Gallica. Et puis, pour les outils d'analyse de texte qu'ils proposent. J'avais testé Voyant Tools via leur interface, et aussi des scripts Python pour de la stylométrie. C'est pratique d'avoir un environnement déjà configuré.","un peu, oui. surtout pour accéder à des corpus spécifiques qui ne sont pas comment dire librement accessibles en téléchargement massif depuis gallica. et puis, pour les outils d'analyse de texte qu'ils proposent. j'avais testé voyant tools via leur interface, et aussi des scripts python pour de la stylométrie. c'est pratique d'avoir un environnement déjà configuré.","un peu , oui . surtout pour accéder à des corpus spécifiques qui ne sont pas comment dire librement accessibles en téléchargement massif depuis gallica . et puis , pour les outils d' analyse de texte qu' ils proposent . j' avais testé voyant tools via leur interface , et aussi des scripts python pour de la stylométrie . c' est pratique d' avoir un environnement déjà configuré .",oui accéder corpus librement accessible téléchargement massif gallica outil analyse texte proposer tester voir tool interface script python stylométrie pratique environnement configurer,ADV VERB NOUN ADV ADJ NOUN ADJ ADJ NOUN NOUN NOUN VERB VERB VERB NOUN NOUN NOUN NOUN NOUN ADJ NOUN VERB,tools(MISC); python(MISC),22
entretien_A.txt,MARC,"C'est clair. Ça évite de galérer avec les installations sur son propre poste. (pause) Et Huma-Num, au-delà de Nakala, tu utilises d'autres services ? Isidore pour la biblio, j'imagine ?","c'est clair. ça évite de galérer avec les installations sur son propre poste. et huma-num, au-delà de nakala, tu utilises d'autres services ? isidore pour la biblio, j'imagine ?","c' est clair . ça évite de galérer avec les installations sur son propre poste . et huma - num , au-delà de nakala , tu utilises d' autres services ? isidore pour la biblio , j' imagine ?",clair éviter galérer installation propre poste huma num au-delà nakala utilise service isidore biblio imaginer,ADJ VERB VERB NOUN ADJ NOUN ADJ NOUN ADV NOUN NOUN NOUN PROPN NOUN VERB,huma-num(ORG); nakala(LOC); isidore(PER),15
entretien_A.txt,CHLOÉ,"Isidore, bien sûr, c'est la base. (rire) Et puis, j'ai un carnet Hypothèses pour le projet, donc ça fait partie de l'écosystème. (pause) J'avoue que je devrais explorer un peu plus ce qu'ils offrent. J'ai vu qu'ils avaient des... des ateliers, des formations. Ce serait p'têt' pas mal pour approfondir la TEI, justement.","isidore, bien sûr, c'est la base. et puis, j'ai un carnet hypothèses pour le projet, donc ça fait partie de l'écosystème. j'avoue que je devrais explorer un peu plus ce qu'ils offrent. j'ai vu qu'ils avaient des des ateliers, des formations. ce serait p'têt' pas mal pour approfondir la tei, justement.","isidore , bien sûr , c' est la base . et puis , j' ai un carnet hypothèses pour le projet , donc ça fait partie de l' écosystème . j' avoue que je devrais explorer un peu plus ce qu' ils offrent . j' ai vu qu' ils avaient des des ateliers , des formations . ce serait p' têt ' pas mal pour approfondir la tei , justement .",isidore bien sûr base carnet hypothèse projet partie écosystème avouer devoir explorer offrir atelier formation p' têt mal approfondir tei justement,PROPN ADV ADJ NOUN NOUN NOUN NOUN NOUN NOUN VERB VERB VERB VERB NOUN NOUN PRON ADJ ADV VERB NOUN ADV,isidore(PER); tei(LOC),21
entretien_A.txt,MARC,"Ah, bonne idée ! On pourrait regarder ça ensemble ? Si y'a une session sur la TEI avancée ou sur des outils d'annotation spécifiques, ça m'intéresse carrément. Parce que là, je fais ça un peu... un peu à la main, avec Oxygen, mais je suis sûr qu'il y a moyen d'optimiser.","ah, bonne idée ! on pourrait regarder ça ensemble ? si y'a une session sur la tei avancée ou sur des outils d'annotation spécifiques, ça m'intéresse carrément. parce que là, je fais ça un peu un peu à la main, avec oxygen, mais je suis sûr qu'il y a moyen d'optimiser.","ah , bonne idée ! on pourrait regarder ça ensemble ? si y' a une session sur la tei avancée ou sur des outils d' annotation spécifiques , ça m' intéresse carrément . parce que là , je fais ça un peu un peu à la main , avec oxygen , mais je suis sûr qu' il y a moyen d' optimiser .",bon idée regarder ensemble y' session tei avancé outil annotation intéresser carrément main oxygen sûr moyen optimiser,ADJ NOUN VERB NOUN PRON NOUN NOUN ADJ NOUN NOUN VERB ADV NOUN NOUN ADJ NOUN VERB,tei(LOC),17
entretien_A.txt,CHLOÉ,"Carrément. On se checke ça la semaine prochaine ? (pause) Bon, et sinon, ton OCR, t'as quand même réussi à extraire des trucs exploitables aujourd'hui ?","carrément. on se checke ça la semaine prochaine ? bon, et sinon, ton ocr, t'as quand même réussi à extraire des trucs exploitables aujourd'hui ?","carrément . on se checke ça la semaine prochaine ? bon , et sinon , ton ocr , t' as quand même réussi à extraire des trucs exploitables aujourd'hui ?",carrément checke semaine prochain bon ocr réussir extraire truc exploitable aujourd'hui,ADV NOUN NOUN ADJ ADJ NOUN VERB VERB NOUN ADJ ADV,,11
entretien_A.txt,MARC,"Oui, oui, quand même. Disons que sur dix pages, j'en ai sept qui sont... correctes, après quelques corrections manuelles. C'est le taux de bruit qui est compliqué à gérer. Mais bon, c'est le lot commun avec les documents anciens, hein. (soupir) Faut juste être patient. Et avoir beaucoup de café.","oui, oui, quand même. disons que sur dix pages, j'en ai sept qui sont correctes, après quelques corrections manuelles. c'est le taux de bruit qui est compliqué à gérer. mais bon, c'est le lot commun avec les documents anciens, hein. faut juste être patient. et avoir beaucoup de café.","oui , oui , quand même . disons que sur dix pages , j' en ai sept qui sont correctes , après quelques corrections manuelles . c' est le taux de bruit qui est compliqué à gérer . mais bon , c' est le lot commun avec les documents anciens , hein . faut juste être patient . et avoir beaucoup de café .",oui oui dison page correct correction manuel taux bruit compliquer gérer bon lot commun document ancien hein falloir patient beaucoup café,ADV ADV NOUN NOUN ADJ NOUN ADJ NOUN NOUN VERB VERB ADJ NOUN ADJ NOUN ADJ NOUN VERB NOUN ADV NOUN,hein(PER),21
entretien_A.txt,CHLOÉ,"(rire) Le café, l'allié indispensable du chercheur en humanités numériques ! Bon, courage pour la suite alors. Et tiens-moi au courant pour les formations Huma-Num.","le café, l'allié indispensable du chercheur en humanités numériques ! bon, courage pour la suite alors. et tiens-moi au courant pour les formations huma-num.","le café , l' allié indispensable du chercheur en humanités numériques ! bon , courage pour la suite alors . et tiens -moi au courant pour les formations huma - num .",café allié indispensable chercheur humanité numérique bon courage suite moi courant formation huma num,NOUN NOUN ADJ NOUN NOUN ADJ ADJ NOUN NOUN PRON NOUN NOUN ADJ NOUN,,14
entretien_A.txt,MARC,"Ça marche, Chloé. Toi aussi, bon courage avec tes correspondances ! On se tient au jus.","ça marche, chloé. toi aussi, bon courage avec tes correspondances ! on se tient au jus.","ça marche , chloé . toi aussi , bon courage avec tes correspondances ! on se tient au jus .",marche chloé bon courage correspondance tenir jus,VERB PROPN ADJ NOUN NOUN VERB NOUN,ça(MISC),7
entretien_B.txt,MME MOREL,"Oui, c'est exact. Bonjour Monsieur. On m'a... on m'a parlé de vos services, notamment pour l'analyse de grands corpus de textes. Je travaille sur les débats parlementaires de l'entre-deux-guerres, et j'ai récupéré pas mal de numérisations via Gallica.","oui, c'est exact. bonjour monsieur. on m'a on m'a parlé de vos services, notamment pour l'analyse de grands corpus de textes. je travaille sur les débats parlementaires de l'entre-deux-guerres, et j'ai récupéré pas mal de numérisations via gallica.","oui , c' est exact . bonjour monsieur . on m' a on m' a parlé de vos services , notamment pour l' analyse de grands corpus de textes . je travaille sur les débats parlementaires de l' entre-deux-guerres , et j' ai récupéré pas mal de numérisations via gallica .",oui exact bonjour Monsieur parler service analyse grand corpus texte travailler débat parlementaire entre-deux-guerres récupérer mal numérisation gallica,ADV ADJ NOUN NOUN VERB NOUN NOUN ADJ NOUN NOUN VERB NOUN ADJ NOUN VERB ADV NOUN ADJ,bonjour monsieur(PER),18
entretien_B.txt,JEAN,"Ah, très intéressant comme sujet ! (pause courte) Oui, le DataLab peut certainement vous être utile. On a... comment dire... plusieurs objectifs. D'abord, faciliter l'accès à des corpus numériques de la BnF, y compris ceux qui sont sous droits ou qui nécessitent des outils spécifiques pour être exploités. Ensuite, mettre à disposition un environnement de travail avec des logiciels... euh... préinstallés pour le traitement de texte, l'analyse de données, la cartographie, etc.","ah, très intéressant comme sujet ! oui, le datalab peut certainement vous être utile. on a comment dire plusieurs objectifs. d'abord, faciliter l'accès à des corpus numériques de la bnf, y compris ceux qui sont sous droits ou qui nécessitent des outils spécifiques pour être exploités. ensuite, mettre à disposition un environnement de travail avec des logiciels euh préinstallés pour le traitement de texte, l'analyse de données, la cartographie, etc.","ah , très intéressant comme sujet ! oui , le datalab peut certainement vous être utile . on a comment dire plusieurs objectifs . d' abord , faciliter l' accès à des corpus numériques de la bnf , y compris ceux qui sont sous droits ou qui nécessitent des outils spécifiques pour être exploités . ensuite , mettre à disposition un environnement de travail avec des logiciels euh préinstallés pour le traitement de texte , l' analyse de données , la cartographie , etc.",intéressant sujet oui datalab certainement utile objectif faciliter accès corpus numérique bnf droit nécessiter outil exploiter ensuite mettre disposition environnement travail logiciel euh préinstaller traitement texte analyse donnée cartographie etc.,ADJ NOUN ADV NOUN ADV ADJ NOUN VERB NOUN NOUN ADJ PROPN NOUN VERB NOUN VERB ADV VERB NOUN NOUN NOUN NOUN ADJ VERB NOUN NOUN NOUN NOUN NOUN ADV,,30
entretien_B.txt,MME MOREL,"D'accord. Et concrètement, si j'ai déjà mes fichiers, qui sont des PDF issus de Gallica, comment ça se passe ? Est-ce que je peux les... les ""uploader"" dans cet environnement ?","d'accord. et concrètement, si j'ai déjà mes fichiers, qui sont des pdf issus de gallica, comment ça se passe ? est-ce que je peux les les ""uploader"" dans cet environnement ?","d' accord . et concrètement , si j' ai déjà mes fichiers , qui sont des pdf issus de gallica , comment ça se passe ? est -ce que je peux les les "" uploader "" dans cet environnement ?",accord concrètement fichier pdf issu gallica passer -ce uploader environnement,NOUN ADV NOUN NOUN ADJ ADJ VERB PRON NOUN NOUN,,10
entretien_B.txt,JEAN,"Tout à fait. Vous pouvez réserver un poste au DataLab – enfin, on a aussi des accès distants maintenant, ce qui est plus pratique. (sourire) Et vous pourrez y transférer vos données. (pause) La première étape, j'imagine, pour des PDF image, ce sera l'OCR, la reconnaissance de caractères ?","tout à fait. vous pouvez réserver un poste au datalab – enfin, on a aussi des accès distants maintenant, ce qui est plus pratique. et vous pourrez y transférer vos données. la première étape, j'imagine, pour des pdf image, ce sera l'ocr, la reconnaissance de caractères ?","tout à fait . vous pouvez réserver un poste au datalab – enfin , on a aussi des accès distants maintenant , ce qui est plus pratique . et vous pourrez y transférer vos données . la première étape , j' imagine , pour des pdf image , ce sera l' ocr , la reconnaissance de caractères ?",pouvoir réserver poste datalab accès distant pratique pouvoir transférer donnée étape imaginer pdf image ocr reconnaissance caractère,VERB VERB NOUN NOUN NOUN ADJ NOUN VERB VERB NOUN NOUN VERB NUM NOUN NOUN NOUN NOUN,,17
entretien_B.txt,MME MOREL,"Oui, absolument. C'est un peu ma... ma hantise. J'ai essayé des outils en ligne, mais la qualité n'est pas toujours au rendez-vous, surtout avec les typographies de l'époque.","oui, absolument. c'est un peu ma ma hantise. j'ai essayé des outils en ligne, mais la qualité n'est pas toujours au rendez-vous, surtout avec les typographies de l'époque.","oui , absolument . c' est un peu ma ma hantise . j' ai essayé des outils en ligne , mais la qualité n' est pas toujours au rendez-vous , surtout avec les typographies de l' époque .",oui absolument hantise essayer outil ligne qualité rendez-vous typographie époque,ADV ADV NOUN VERB NOUN NOUN NOUN NOUN NOUN NOUN,,10
entretien_B.txt,JEAN,"Je comprends. Ici, on a des chaînes d'OCR qui sont... disons, optimisées pour les collections de la BnF. On utilise notamment eScriptorium, qui permet un contrôle assez fin du processus de segmentation et de transcription. (pause) Ça demande un petit temps d'apprentissage, mais les résultats sont souvent bien meilleurs, surtout si vous pouvez investir un peu de temps dans la... la correction des modèles.","je comprends. ici, on a des chaînes d'ocr qui sont disons, optimisées pour les collections de la bnf. on utilise notamment escriptorium, qui permet un contrôle assez fin du processus de segmentation et de transcription. ça demande un petit temps d'apprentissage, mais les résultats sont souvent bien meilleurs, surtout si vous pouvez investir un peu de temps dans la la correction des modèles.","je comprends . ici , on a des chaînes d' ocr qui sont disons , optimisées pour les collections de la bnf . on utilise notamment escriptorium , qui permet un contrôle assez fin du processus de segmentation et de transcription . ça demande un petit temps d' apprentissage , mais les résultats sont souvent bien meilleurs , surtout si vous pouvez investir un peu de temps dans la la correction des modèles .",comprendre ici chaîne ocr dire optimisée collection bnf utiliser escriptorium contrôle fin processus segmentation transcription demande petit temps apprentissage résultat bien meilleur pouvoir investir temps correction modèle,VERB ADV NOUN X VERB NOUN NOUN NOUN VERB NOUN NOUN NOUN NOUN NOUN NOUN VERB ADJ NOUN NOUN NOUN ADV ADJ VERB VERB NOUN NOUN NOUN,bnf(LOC),27
entretien_B.txt,MME MOREL,"eScriptorium... d'accord, je note. (bruit de stylo sur papier) Et une fois que j'aurai mes textes en format brut, quelles sont les possibilités d'analyse ? Je m'intéresse par exemple à l'évolution de certains termes, à la cooccurrence de mots...","escriptorium d'accord, je note. et une fois que j'aurai mes textes en format brut, quelles sont les possibilités d'analyse ? je m'intéresse par exemple à l'évolution de certains termes, à la cooccurrence de mots","escriptorium d' accord , je note . et une fois que j' aurai mes textes en format brut , quelles sont les possibilités d' analyse ? je m' intéresse par exemple à l' évolution de certains termes , à la cooccurrence de mots",escriptorium accord note fois avoir texte format brut possibilité analyse intéresser exemple évolution terme cooccurrence mot,NOUN NOUN VERB NOUN VERB NOUN NOUN ADJ NOUN NOUN VERB NOUN NOUN NOUN NOUN NOUN,,16
entretien_B.txt,JEAN,"Alors, pour ça, on a des outils classiques comme Voyant Tools, qui est très bien pour une première exploration. (pause) On peut aussi vous orienter vers des bibliothèques Python, si vous êtes un peu à l'aise avec la programmation... des choses comme NLTK ou spaCy pour l'analyse linguistique. On a aussi des postes avec R et RStudio pour des analyses statistiques plus poussées.","alors, pour ça, on a des outils classiques comme voyant tools, qui est très bien pour une première exploration. on peut aussi vous orienter vers des bibliothèques python, si vous êtes un peu à l'aise avec la programmation des choses comme nltk ou spacy pour l'analyse linguistique. on a aussi des postes avec r et rstudio pour des analyses statistiques plus poussées.","alors , pour ça , on a des outils classiques comme voyant tools , qui est très bien pour une première exploration . on peut aussi vous orienter vers des bibliothèques python , si vous êtes un peu à l' aise avec la programmation des choses comme nltk ou spacy pour l' analyse linguistique . on a aussi des postes avec r et rstudio pour des analyses statistiques plus poussées .",outil classique voir tool bien exploration orienter bibliothèque python être aise programmation chose nltk spacy analyse linguistique poste r rstudio analyse statistique poussée,NOUN ADJ VERB NOUN ADV NOUN VERB NOUN ADJ AUX PROPN NOUN NOUN NOUN ADP NOUN ADJ NOUN NOUN NOUN NOUN ADJ NOUN,tools(MISC); python(MISC); spacy(ORG); rstudio(PER),23
entretien_B.txt,MME MOREL,"Python, j'ai quelques notions, mais très basiques. (rire hésitant) Mais Voyant Tools, j'en ai entendu parler, ça a l'air accessible.","python, j'ai quelques notions, mais très basiques. mais voyant tools, j'en ai entendu parler, ça a l'air accessible.","python , j' ai quelques notions , mais très basiques . mais voyant tools , j' en ai entendu parler , ça a l' air accessible .",python notion basique voir tool entendre air accessible,ADV NOUN ADJ VERB NOUN VERB NOUN ADJ,python(MISC); tools(MISC),8
entretien_B.txt,JEAN,"Très accessible, oui. Et ça permet déjà de faire beaucoup de choses. (pause) Et puis, une fois que vous avez vos données, vos résultats, il y a la question de leur gestion et de leur... de leur valorisation. C'est là qu'intervient Huma-Num, la Très Grande Infrastructure de Recherche. Vous connaissez ?","très accessible, oui. et ça permet déjà de faire beaucoup de choses. et puis, une fois que vous avez vos données, vos résultats, il y a la question de leur gestion et de leur de leur valorisation. c'est là qu'intervient huma-num, la très grande infrastructure de recherche. vous connaissez ?","très accessible , oui . et ça permet déjà de faire beaucoup de choses . et puis , une fois que vous avez vos données , vos résultats , il y a la question de leur gestion et de leur de leur valorisation . c' est là qu' intervient huma - num , la très grande infrastructure de recherche . vous connaissez ?",accessible oui faire beaucoup chose fois avoir donnée résultat question gestion valorisation intervenir huma num grand infrastructure recherche connaître,ADJ NOUN VERB ADV NOUN NOUN VERB NOUN NOUN NOUN NOUN NOUN VERB ADJ NOUN ADJ NOUN NOUN VERB,ça(MISC); huma-num(ORG),19
entretien_B.txt,MME MOREL,"Huma-Num... oui, de nom. Mon directeur de thèse m'a dit que je devrais y déposer mes données à la fin de ma thèse. Surtout si je produis des... des corpus nettoyés et enrichis.","huma-num oui, de nom. mon directeur de thèse m'a dit que je devrais y déposer mes données à la fin de ma thèse. surtout si je produis des des corpus nettoyés et enrichis.","huma - num oui , de nom . mon directeur de thèse m' a dit que je devrais y déposer mes données à la fin de ma thèse . surtout si je produis des des corpus nettoyés et enrichis .",huma num oui nom directeur thèse devoir déposer donnée fin thèse produire corpus nettoyer enrichi,ADJ NOUN ADV NOUN NOUN NOUN VERB VERB NOUN NOUN NOUN VERB NOUN VERB ADJ,,15
entretien_B.txt,JEAN,"Exactement. Huma-Num propose des services comme Nakala pour le dépôt de données de recherche, en leur assignant des identifiants pérennes, des métadonnées standardisées... (pause) Ça s'inscrit dans une démarche de science ouverte, pour que vos données puissent être citées, réutilisées... (pause courte) Et c'est de plus en plus demandé par les financeurs, d'ailleurs. Avoir un plan de gestion de données, penser à la diffusion...","exactement. huma-num propose des services comme nakala pour le dépôt de données de recherche, en leur assignant des identifiants pérennes, des métadonnées standardisées ça s'inscrit dans une démarche de science ouverte, pour que vos données puissent être citées, réutilisées et c'est de plus en plus demandé par les financeurs, d'ailleurs. avoir un plan de gestion de données, penser à la diffusion","exactement . huma - num propose des services comme nakala pour le dépôt de données de recherche , en leur assignant des identifiants pérennes , des métadonnées standardisées ça s' inscrit dans une démarche de science ouverte , pour que vos données puissent être citées , réutilisées et c' est de plus en plus demandé par les financeurs , d' ailleurs . avoir un plan de gestion de données , penser à la diffusion",huma num proposer service nakala dépôt donnée recherche assigner identifiant pérenne métadonnée standardisée inscrire démarche science donnée pouvoir citer réutiliser demander financeur ailleurs plan gestion donnée penser diffusion,ADJ NOUN VERB NOUN NOUN NOUN NOUN NOUN VERB NOUN ADJ NOUN NOUN VERB NOUN NOUN NOUN VERB VERB VERB VERB NOUN ADV NOUN NOUN NOUN VERB NOUN,nakala(LOC),28
entretien_B.txt,MME MOREL,"Oui, j'ai vu ça dans les... les appels à projets. C'est un peu intimidant au début, tout cet écosystème numérique. BnF, Gallica, DataLab, Huma-Num, Nakala... On s'y perd un peu.","oui, j'ai vu ça dans les les appels à projets. c'est un peu intimidant au début, tout cet écosystème numérique. bnf, gallica, datalab, huma-num, nakala on s'y perd un peu.","oui , j' ai vu ça dans les les appels à projets . c' est un peu intimidant au début , tout cet écosystème numérique . bnf , gallica , datalab , huma - num , nakala on s' y perd un peu .",oui appel projet intimidant début écosystème numérique bnf gallica datalab humer num nakala perdre,ADV NOUN NOUN ADJ NOUN NOUN ADJ NOUN ADJ VERB PROPN NOUN NOUN VERB,bnf(MISC); gallica(MISC); datalab(PER); huma-num(ORG); nakala(ORG),14
entretien_B.txt,JEAN,"(sourire compréhensif) C'est normal ! C'est pour ça qu'on est là. Pour vous accompagner. (pause) Ce que je vous propose, c'est peut-être de commencer par une session d'initiation au DataLab. On en organise régulièrement. Ça vous permettrait de voir concrètement les outils, l'environnement. Et ensuite, on peut discuter plus spécifiquement de votre projet et de la meilleure façon de... de l'aborder avec nos ressources.","c'est normal ! c'est pour ça qu'on est là. pour vous accompagner. ce que je vous propose, c'est peut-être de commencer par une session d'initiation au datalab. on en organise régulièrement. ça vous permettrait de voir concrètement les outils, l'environnement. et ensuite, on peut discuter plus spécifiquement de votre projet et de la meilleure façon de de l'aborder avec nos ressources.","c' est normal ! c' est pour ça qu' on est là . pour vous accompagner . ce que je vous propose , c' est peut-être de commencer par une session d' initiation au datalab . on en organise régulièrement . ça vous permettrait de voir concrètement les outils , l' environnement . et ensuite , on peut discuter plus spécifiquement de votre projet et de la meilleure façon de de l' aborder avec nos ressources .",normal accompagner proposer peut-être commencer session initiation datalab organiser régulièrement permettre voir concrètement outil environnement ensuite discuter spécifiquement projet meilleur aborder ressource,ADJ VERB VERB ADV VERB NOUN NOUN NOUN VERB ADV VERB VERB ADV NOUN NOUN ADV VERB ADV NOUN ADJ VERB NOUN,ça(MISC),22
entretien_B.txt,MME MOREL,"Ce serait parfait ! Oui, une initiation, ce serait une très bonne première étape pour moi. Comment puis-je m'inscrire ?","ce serait parfait ! oui, une initiation, ce serait une très bonne première étape pour moi. comment puis-je m'inscrire ?","ce serait parfait ! oui , une initiation , ce serait une très bonne première étape pour moi . comment puis -je m' inscrire ?",parfait oui initiation bon étape je inscrire,ADJ ADV NOUN ADJ NOUN PRON VERB,,7
entretien_B.txt,JEAN,"Je vais vous donner le lien vers le calendrier des formations. (pause) Et n'hésitez pas si vous avez d'autres questions d'ici là. L'important, c'est de ne pas rester bloquée par la technique. Les outils sont au service de la recherche, pas l'inverse, hein ?","je vais vous donner le lien vers le calendrier des formations. et n'hésitez pas si vous avez d'autres questions d'ici là. l'important, c'est de ne pas rester bloquée par la technique. les outils sont au service de la recherche, pas l'inverse, hein ?","je vais vous donner le lien vers le calendrier des formations . et n' hésitez pas si vous avez d' autres questions d' ici là . l' important , c' est de ne pas rester bloquée par la technique . les outils sont au service de la recherche , pas l' inverse , hein ?",donner lien calendrier formation hésiter avoir question ici important rester bloquer technique outil service recherche inverse hein,VERB NOUN NOUN NOUN VERB VERB NOUN ADV ADJ VERB VERB NOUN NOUN NOUN NOUN NOUN NOUN,hein(PER),17
entretien_B.txt,MME MOREL,"C'est rassurant de l'entendre. (rire) Merci beaucoup pour toutes ces informations, c'est déjà beaucoup plus clair.","c'est rassurant de l'entendre. merci beaucoup pour toutes ces informations, c'est déjà beaucoup plus clair.","c' est rassurant de l' entendre . merci beaucoup pour toutes ces informations , c' est déjà beaucoup plus clair .",rassurant entendre beaucoup information beaucoup clair,ADJ VERB ADV NOUN ADV ADJ,,6
entretien_B.txt,JEAN,"Avec plaisir, Madame Morel. On est là pour ça. N'hésitez pas à revenir vers moi.","avec plaisir, madame morel. on est là pour ça. n'hésitez pas à revenir vers moi.","avec plaisir , madame morel . on est là pour ça . n' hésitez pas à revenir vers moi .",plaisir monsieur morel hésiter revenir,NOUN NOUN PROPN VERB VERB,madame morel(PER); ça(MISC),5
entretien_C.txt,ALICE,"(arrivée un peu en retard, bruit de chaise) Désolée du retard ! Cette session sur les Linked Open Data était... passionnante mais tellement dense. (souffle) Alors, de quoi vous parliez ?","désolée du retard ! cette session sur les linked open data était passionnante mais tellement dense. alors, de quoi vous parliez ?","désolée du retard ! cette session sur les linked open data était passionnante mais tellement dense . alors , de quoi vous parliez ?",désolée retard session linked open dater passionnant dense parler,NOUN NOUN NOUN NOUN ADJ PROPN ADJ ADJ VERB,,9
entretien_C.txt,MARTIN,"Salut Alice ! Pas de souci. On était justement en train de... de débriefer un peu la journée. Et Paul nous racontait son expérience avec le dépôt de son corpus sur Nakala. Apparemment, ça n'a pas été si simple que ça pour l'alignement des métadonnées avec les recommandations de son consortium.","salut alice ! pas de souci. on était justement en train de de débriefer un peu la journée. et paul nous racontait son expérience avec le dépôt de son corpus sur nakala. apparemment, ça n'a pas été si simple que ça pour l'alignement des métadonnées avec les recommandations de son consortium.","salut alice ! pas de souci . on était justement en train de de débriefer un peu la journée . et paul nous racontait son expérience avec le dépôt de son corpus sur nakala . apparemment , ça n' a pas été si simple que ça pour l' alignement des métadonnées avec les recommandations de son consortium .",salut alice souci justement train débriefer journée paul raconter expérience dépôt corpus nakala apparemment être simple alignement métadonnée recommandation consortium,ADJ PROPN NOUN ADV NOUN VERB NOUN PROPN VERB NOUN NOUN NOUN NOUN ADV AUX ADJ NOUN NOUN NOUN NOUN,paul(PER); nakala(LOC),20
entretien_C.txt,PAUL,"(léger soupir) Non, c'est... c'est toujours un peu le casse-tête, les métadonnées. Surtout quand tu veux bien faire, respecter les standards, Dublin Core, tout ça... (pause) Nakala en soi, c'est un super outil, hein, pour la pérennisation, l'identifiant ARK, tout ça c'est top. Mais l'étape de préparation des données en amont... pfiou.","non, c'est c'est toujours un peu le casse-tête, les métadonnées. surtout quand tu veux bien faire, respecter les standards, dublin core, tout ça nakala en soi, c'est un super outil, hein, pour la pérennisation, l'identifiant ark, tout ça c'est top. mais l'étape de préparation des données en amont pfiou.","non , c' est c' est toujours un peu le casse-tête , les métadonnées . surtout quand tu veux bien faire , respecter les standards , dublin core , tout ça nakala en soi , c' est un super outil , hein , pour la pérennisation , l' identifiant ark , tout ça c' est top . mais l' étape de préparation des données en amont pfiou .",non casse-tête métadonnée vouloir bien faire respecter standard dublin cor nakala super outil hein pérennisation identifier ark top étape préparation donnée amont pfiou,ADV NOUN NOUN VERB ADV VERB VERB NOUN PROPN ADJ ADJ ADJ NOUN INTJ NOUN VERB PROPN ADV NOUN NOUN NOUN NOUN ADJ,dublin(LOC),23
entretien_C.txt,ALICE,"Ah, je compatis tellement ! J'ai dû faire ça pour un petit jeu de données issu de mon post-doc. (pause) Et vous avez utilisé des outils spécifiques pour préparer vos métadonnées, Paul ? Ou c'était... à la main dans un tableur ?","ah, je compatis tellement ! j'ai dû faire ça pour un petit jeu de données issu de mon post-doc. et vous avez utilisé des outils spécifiques pour préparer vos métadonnées, paul ? ou c'était à la main dans un tableur ?","ah , je compatis tellement ! j' ai dû faire ça pour un petit jeu de données issu de mon post-doc . et vous avez utilisé des outils spécifiques pour préparer vos métadonnées , paul ? ou c' était à la main dans un tableur ?",compatir devoir faire petit jeu donnée issu post-doc avoir utiliser outil préparer métadonnée paul main tableur,VERB VERB VERB ADJ NOUN NOUN VERB NOUN AUX VERB NOUN VERB NOUN PROPN NOUN NOUN,paul(PER),16
entretien_C.txt,PAUL,"Un peu des deux, pour être honnête. J'ai utilisé OpenRefine pour nettoyer et harmoniser pas mal de choses. C'est... c'est magique ce truc pour les lots de données un peu sales. Mais après, pour la structuration fine et l'export en XML pour Nakala, j'ai dû pas mal... euh... scripter en Python.","un peu des deux, pour être honnête. j'ai utilisé openrefine pour nettoyer et harmoniser pas mal de choses. c'est c'est magique ce truc pour les lots de données un peu sales. mais après, pour la structuration fine et l'export en xml pour nakala, j'ai dû pas mal euh scripter en python.","un peu des deux , pour être honnête . j' ai utilisé openrefine pour nettoyer et harmoniser pas mal de choses . c' est c' est magique ce truc pour les lots de données un peu sales . mais après , pour la structuration fine et l' export en xml pour nakala , j' ai dû pas mal euh scripter en python .",honnête utiliser openrefine nettoyer harmoniser mal chose magique truc lot donnée sale structuration fin export xml nakala devoir mal euh scripter python,ADJ VERB NOUN VERB VERB ADV NOUN ADJ NOUN NOUN NOUN ADJ NOUN ADJ NOUN ADV NOUN VERB ADV ADJ NOUN NOUN,xml(MISC); nakala(MISC); python(MISC),22
entretien_C.txt,MARTIN,"Toi, t'es à l'aise avec Python. Moi, OpenRefine, ça va, mais dès qu'il faut coder... (rire) Je suis plus utilisateur des plateformes ""clés en main"". D'ailleurs, j'ai une question pour vous qui êtes plus... plus avancés. Le DataLab de la BnF, est-ce que ça vaut vraiment le coup si on n'est pas sur Paris ? J'ai vu qu'ils avaient des accès distants, mais est-ce que c'est fluide ?","toi, t'es à l'aise avec python. moi, openrefine, ça va, mais dès qu'il faut coder je suis plus utilisateur des plateformes ""clés en main"". d'ailleurs, j'ai une question pour vous qui êtes plus plus avancés. le datalab de la bnf, est-ce que ça vaut vraiment le coup si on n'est pas sur paris ? j'ai vu qu'ils avaient des accès distants, mais est-ce que c'est fluide ?","toi , t' es à l' aise avec python . moi , openrefine , ça va , mais dès qu' il faut coder je suis plus utilisateur des plateformes "" clés en main "" . d' ailleurs , j' ai une question pour vous qui êtes plus plus avancés . le datalab de la bnf , est -ce que ça vaut vraiment le coup si on n' est pas sur paris ? j' ai vu qu' ils avaient des accès distants , mais est -ce que c' est fluide ?",aise python openrefine falloir coder utilisateur plateforme clé main ailleurs question être avancé datalab bnf -ce valoir vraiment coup pari accès distant -ce fluide,PROPN NOUN NOUN VERB NOUN NOUN NOUN ADJ NOUN ADV NOUN AUX ADJ NOUN NOUN PRON VERB ADV NOUN PROPN NOUN NOUN PRON ADJ,python(PER); ça(MISC); paris(LOC),24
entretien_C.txt,ALICE,"Alors, pour l'accès distant au DataLab, j'ai testé une fois. C'était... correct. (pause) Ça dépend beaucoup de ta connexion, évidemment. Et de ce que tu veux faire. Pour lancer des traitements lourds, c'est bien parce que ça tourne sur leurs serveurs. Mais pour de l'exploration interactive, parfois, ça peut avoir un peu de latence. (pause courte) Mais ils ont des corpus qui sont uniquement accessibles par là, donc des fois, t'as pas le choix.","alors, pour l'accès distant au datalab, j'ai testé une fois. c'était correct. ça dépend beaucoup de ta connexion, évidemment. et de ce que tu veux faire. pour lancer des traitements lourds, c'est bien parce que ça tourne sur leurs serveurs. mais pour de l'exploration interactive, parfois, ça peut avoir un peu de latence. mais ils ont des corpus qui sont uniquement accessibles par là, donc des fois, t'as pas le choix.","alors , pour l' accès distant au datalab , j' ai testé une fois . c' était correct . ça dépend beaucoup de ta connexion , évidemment . et de ce que tu veux faire . pour lancer des traitements lourds , c' est bien parce que ça tourne sur leurs serveurs . mais pour de l' exploration interactive , parfois , ça peut avoir un peu de latence . mais ils ont des corpus qui sont uniquement accessibles par là , donc des fois , t' as pas le choix .",accès distant datalab tester fois correct dépendre beaucoup connexion évidemment vouloir faire lancer traitement lourd bien tourne serveur exploration interactif latence corpus uniquement accessibler fois choix,NOUN ADJ NOUN VERB NOUN ADJ VERB ADV NOUN ADV VERB VERB VERB NOUN ADJ ADV VERB NOUN NOUN ADJ NOUN NOUN ADV VERB NOUN NOUN,ça(MISC),26
entretien_C.txt,PAUL,"Oui, et puis l'avantage, c'est aussi l'accompagnement. Si t'as un souci avec un format de fichier de Gallica un peu exotique, ou avec une chaîne de traitement d'images, les ingénieurs de la BnF peuvent t'aider. C'est pas négligeable. (pause) Moi, je vois Huma-Num et la BnF, surtout avec le DataLab, comme des... des piliers de l'écosystème des humanités numériques en France. Ils fournissent l'infrastructure, les données, une partie de l'expertise...","oui, et puis l'avantage, c'est aussi l'accompagnement. si t'as un souci avec un format de fichier de gallica un peu exotique, ou avec une chaîne de traitement d'images, les ingénieurs de la bnf peuvent t'aider. c'est pas négligeable. moi, je vois huma-num et la bnf, surtout avec le datalab, comme des des piliers de l'écosystème des humanités numériques en france. ils fournissent l'infrastructure, les données, une partie de l'expertise","oui , et puis l' avantage , c' est aussi l' accompagnement . si t' as un souci avec un format de fichier de gallica un peu exotique , ou avec une chaîne de traitement d' images , les ingénieurs de la bnf peuvent t' aider . c' est pas négligeable . moi , je vois huma - num et la bnf , surtout avec le datalab , comme des des piliers de l' écosystème des humanités numériques en france . ils fournissent l' infrastructure , les données , une partie de l' expertise",oui avantage accompagnement souci format fichier gallica exotique chaîne traitement image ingénieur bnf aider négligeable voir huma num bnf datalab pilier écosystème humanité numérique france fournir infrastructure donnée partie expertise,ADV NOUN NOUN NOUN NOUN NOUN ADJ ADJ NOUN NOUN NOUN NOUN NOUN VERB ADJ VERB ADJ NOUN PROPN NOUN NOUN NOUN NOUN ADJ PROPN VERB NOUN NOUN NOUN NOUN,bnf(ORG); bnf(LOC); france(LOC),30
entretien_C.txt,MARTIN,"C'est vrai. Et Huma-Num, avec son portail Isidore, c'est quand même une mine d'or pour la recherche bibliographique. Je ne sais pas comment je ferais sans. (pause) Mais parfois, je me demande si on ne multiplie pas un peu trop les... les portails, les plateformes. On a Huma-Num, on a des initiatives européennes comme DARIAH, CLARIN... Comment tout ça s'articule ?","c'est vrai. et huma-num, avec son portail isidore, c'est quand même une mine d'or pour la recherche bibliographique. je ne sais pas comment je ferais sans. mais parfois, je me demande si on ne multiplie pas un peu trop les les portails, les plateformes. on a huma-num, on a des initiatives européennes comme dariah, clarin comment tout ça s'articule ?","c' est vrai . et huma - num , avec son portail isidore , c' est quand même une mine d' or pour la recherche bibliographique . je ne sais pas comment je ferais sans . mais parfois , je me demande si on ne multiplie pas un peu trop les les portails , les plateformes . on a huma - num , on a des initiatives européennes comme dariah , clarin comment tout ça s' articule ?",vrai huma num portail isidore mine recherche bibliographique savoir faire demande multiplier trop portail plateforme huma num initiative européen dariah clarin articule,ADJ ADJ NOUN NOUN PROPN NOUN NOUN ADJ VERB VERB VERB VERB ADV NOUN NOUN ADJ NOUN NOUN ADJ VERB NOUN NOUN,huma-num(ORG); dariah(PER); clarin(PER),22
entretien_C.txt,ALICE,"C'est une bonne question. (réfléchit) En théorie, tout ça est censé être... interopérable. Grâce à des standards communs, comme le TEI pour le texte, ou les principes FAIR pour les données – Faciles à trouver, Accessibles, Interopérables, Réutilisables. (pause) Huma-Num est d'ailleurs le nœud français de DARIAH et participe à CLARIN. Donc, il y a une volonté de... de cohérence. Mais dans la pratique, c'est clair que pour le chercheur lambda, ça peut paraître un peu... un peu nébuleux.","c'est une bonne question. en théorie, tout ça est censé être interopérable. grâce à des standards communs, comme le tei pour le texte, ou les principes fair pour les données – faciles à trouver, accessibles, interopérables, réutilisables. huma-num est d'ailleurs le nœud français de dariah et participe à clarin. donc, il y a une volonté de de cohérence. mais dans la pratique, c'est clair que pour le chercheur lambda, ça peut paraître un peu un peu nébuleux.","c' est une bonne question . en théorie , tout ça est censé être interopérable . grâce à des standards communs , comme le tei pour le texte , ou les principes fair pour les données – faciles à trouver , accessibles , interopérables , réutilisables . huma - num est d' ailleurs le nœud français de dariah et participe à clarin . donc , il y a une volonté de de cohérence . mais dans la pratique , c' est clair que pour le chercheur lambda , ça peut paraître un peu un peu nébuleux .",bon question théorie censé interopérable grâce standard commun tei texte principe fair donnée facile trouver accessible interopérable réutilisable huma num ailleurs nœud français dariah participe clarin volonté cohérence pratique clair chercheur lambda paraître nébuleux,ADJ NOUN NOUN ADJ ADJ NOUN NOUN ADJ NOUN NOUN NOUN VERB NOUN ADJ VERB ADJ ADJ ADJ ADJ NOUN ADV NOUN ADJ VERB VERB PROPN NOUN NOUN NOUN ADJ NOUN ADJ VERB ADJ,tei(LOC); dariah(PER); clarin(LOC); ça(MISC),34
entretien_C.txt,PAUL,"Surtout quand tu débutes. (acquiesce) Il manque peut-être des... des guichets uniques, ou des parcours utilisateurs plus clairs pour t'orienter vers le bon outil ou la bonne ressource en fonction de ton besoin. (pause) On parlait de Nakala, mais y'a aussi NAKALONA pour les ontologies, des outils de visualisation... L'offre est riche, mais faut la connaître.","surtout quand tu débutes. il manque peut-être des des guichets uniques, ou des parcours utilisateurs plus clairs pour t'orienter vers le bon outil ou la bonne ressource en fonction de ton besoin. on parlait de nakala, mais y'a aussi nakalona pour les ontologies, des outils de visualisation l'offre est riche, mais faut la connaître.","surtout quand tu débutes . il manque peut-être des des guichets uniques , ou des parcours utilisateurs plus clairs pour t' orienter vers le bon outil ou la bonne ressource en fonction de ton besoin . on parlait de nakala , mais y' a aussi nakalona pour les ontologies , des outils de visualisation l' offre est riche , mais faut la connaître .",débuter manque peut-être guichet unique parcours utilisateur clair orienter bon outil bon ressource fonction besoin parler nakala y' nakalona ontologie outil visualisation offre riche falloir connaître,VERB VERB ADV NOUN ADJ NOUN ADJ ADJ VERB ADJ NOUN ADJ NOUN NOUN NOUN VERB NOUN PRON ADJ NOUN NOUN NOUN NOUN ADJ VERB VERB,nakala(LOC),26
entretien_C.txt,MARTIN,"Et puis, il y a la question de la formation continue. Les technologies évoluent tellement vite. (pause) Ce qu'on apprend aujourd'hui sera peut-être obsolète dans cinq ans. Il faut constamment se mettre à jour. Les MOOCs, les écoles d'été comme celle de l'ENC sur la TEI, c'est bien, mais ça demande du temps.","et puis, il y a la question de la formation continue. les technologies évoluent tellement vite. ce qu'on apprend aujourd'hui sera peut-être obsolète dans cinq ans. il faut constamment se mettre à jour. les moocs, les écoles d'été comme celle de l'enc sur la tei, c'est bien, mais ça demande du temps.","et puis , il y a la question de la formation continue . les technologies évoluent tellement vite . ce qu' on apprend aujourd'hui sera peut-être obsolète dans cinq ans . il faut constamment se mettre à jour . les moocs , les écoles d' été comme celle de l' enc sur la tei , c' est bien , mais ça demande du temps .",question formation continuer technologie évoluer vite apprendre aujourd'hui peut-être obsolète an falloir constamment mettre jour mooc école être enc tei bien demande temps,NOUN NOUN VERB NOUN VERB ADV VERB ADV ADV ADJ NOUN VERB ADV VERB NOUN NOUN NOUN AUX PROPN NOUN ADV VERB NOUN,tei(LOC),23
entretien_C.txt,ALICE,"C'est sûr. Mais c'est aussi ce qui est stimulant, non ? (sourire) Le fait que ce soit un domaine en... en constante évolution. Et voir comment ces outils numériques nous permettent de poser de nouvelles questions à nos corpus anciens... moi, je trouve ça passionnant. (pause) Par exemple, avec les collections de la BnF accessibles via IIIF, on peut maintenant faire des choses incroyables en termes d'annotation collaborative d'images, de comparaison de manuscrits...","c'est sûr. mais c'est aussi ce qui est stimulant, non ? le fait que ce soit un domaine en en constante évolution. et voir comment ces outils numériques nous permettent de poser de nouvelles questions à nos corpus anciens moi, je trouve ça passionnant. par exemple, avec les collections de la bnf accessibles via iiif, on peut maintenant faire des choses incroyables en termes d'annotation collaborative d'images, de comparaison de manuscrits","c' est sûr . mais c' est aussi ce qui est stimulant , non ? le fait que ce soit un domaine en en constante évolution . et voir comment ces outils numériques nous permettent de poser de nouvelles questions à nos corpus anciens moi , je trouve ça passionnant . par exemple , avec les collections de la bnf accessibles via iiif , on peut maintenant faire des choses incroyables en termes d' annotation collaborative d' images , de comparaison de manuscrits",sûr stimuler non domaine constant évolution voir outil numérique permettre poser nouveau question corpus ancien trouver passionnant exemple collection bnf accessible iiif faire chose incroyable terme annotation collaboratif image comparaison manuscrit,ADJ VERB ADV NOUN ADJ NOUN VERB NOUN ADJ VERB VERB ADJ NOUN NOUN ADJ VERB ADJ NOUN NOUN NOUN ADJ NOUN VERB NOUN ADJ NOUN NOUN ADJ NOUN NOUN NOUN,bnf accessibles(LOC),31
entretien_C.txt,PAUL,"Ah oui, IIIF, c'est une révolution silencieuse ça aussi. (pause) Bon, on va prendre un autre café ? Parce que là, on refait le monde des humanités numériques, mais ma thèse, elle, elle s'écrit pas toute seule ! (rires partagés)","ah oui, iiif, c'est une révolution silencieuse ça aussi. bon, on va prendre un autre café ? parce que là, on refait le monde des humanités numériques, mais ma thèse, elle, elle s'écrit pas toute seule !","ah oui , iiif , c' est une révolution silencieuse ça aussi . bon , on va prendre un autre café ? parce que là , on refait le monde des humanités numériques , mais ma thèse , elle , elle s' écrit pas toute seule !",oui iiif révolution silencieux bon prendre café refaire monde humanité numérique thèse écrire,ADV VERB NOUN ADJ ADJ VERB NOUN VERB NOUN NOUN ADJ NOUN VERB,,13
entretien_C.txt,MARTIN,"Bonne idée, le café ! Et après, promis, on arrête de parler boulot... ou presque !","bonne idée, le café ! et après, promis, on arrête de parler boulot ou presque !","bonne idée , le café ! et après , promis , on arrête de parler boulot ou presque !",bon idée café promettre arrêter boulot presque,ADJ NOUN NOUN VERB VERB NOUN ADV,,7
